make_name,model_name
Toyota,4Runner
Toyota,Avalon
Toyota,Camry
Toyota,Camry Solara
Toyota,Celica
Toyota,Corolla
Toyota,Corona
Toyota,Cressida
Toyota,ECHO
Toyota,FJ Cruiser
Toyota,Highlander
Toyota,Highlander Hybrid
Toyota,Land Cruiser
Toyota,Matrix
Toyota,Mirai
Toyota,MR2
Toyota,MR2 Spyder
Toyota,Paseo
Toyota,Pickup
Toyota,Previa
Toyota,Prius
Toyota,Prius c
Toyota,Prius Plug-in
Toyota,Prius v
Toyota,RAV4
Toyota,RAV4 Hybrid
Toyota,Sequoia
Toyota,Sienna
Toyota,Supra
Toyota,T100
Toyota,Tacoma
Toyota,Tercel
Toyota,Tundra
Toyota,Van
Toyota,Venza
Toyota,Yaris
Nissan,200SX
Nissan,240SX
Nissan,300ZX
Nissan,350Z
Nissan,370Z
Nissan,Altima
Nissan,Altima Coupe
Nissan,Armada
Nissan,Cube
Nissan,Frontier
Nissan,GT-R
Nissan,Juke
Nissan,Leaf
Nissan,Maxima
Nissan,Murano
Nissan,Murano CrossCabriolet
Nissan,NV Cargo
Nissan,NV Passenger
Nissan,NV200
Nissan,NX
Nissan,Pathfinder
Nissan,Pathfinder Hybrid
Nissan,Pickup
Nissan,Pulsar
Nissan,Quest
Nissan,Rogue
Nissan,Rogue Hybrid
Nissan,Rogue Select
Nissan,Sentra
Nissan,Stanza
Nissan,Titan
Nissan,Truck
Nissan,Versa
Nissan,Versa Note
Nissan,Xterra
Subaru,B9 Tribeca
Subaru,Baja
Subaru,BRZ
Subaru,Crosstrek
Subaru,Crosstrek Hybrid
Subaru,Forester
Subaru,GL
Subaru,Impreza
Subaru,Impreza WRX
Subaru,Impreza WRX STi
Subaru,Justy
Subaru,Legacy
Subaru,Loyale
Subaru,Outback
Subaru,SVX
Subaru,Tribeca
Subaru,WRX
Subaru,WRX STI
Subaru,XV Crosstrek
Subaru,XV Crosstrek Hybrid
Honda,Accord
Honda,Accord Coupe
Honda,Accord Crosstour
Honda,Accord Hybrid
Honda,Accord Plug-In Hybrid
Honda,Civic
Honda,Civic Coupe
Honda,Civic CRX
Honda,Civic del Sol
Honda,CR-V
Honda,CR-Z
Honda,Crosstour
Honda,Element
Honda,FCX Clarity
Honda,Fit
Honda,Fit EV
Honda,HR-V
Honda,Insight
Honda,Odyssey
Honda,Passport
Honda,Pilot
Honda,Prelude
Honda,Ridgeline
Honda,S2000
Acura,CL
Acura,ILX
Acura,Integra
Acura,Legend
Acura,MDX
Acura,NSX
Acura,RDX
Acura,RL
Acura,RLX
Acura,RSX
Acura,SLX
Acura,TL
Acura,TLX
Acura,TSX
Acura,Vigor
Acura,ZDX
AMC,Alliance
AMC,Concord
AMC,Eagle
AMC,Encore
AMC,Spirit
Audi,100
Audi,200
Audi,5000
Audi,80
Audi,90
Audi,A3
Audi,A3 Sportback
Audi,A4
Audi,A4 Avant
Audi,A5
Audi,A6
Audi,A7
Audi,A8
Audi,Allroad
Audi,Allroad Quattro
Audi,Cabriolet
Audi,Q3
Audi,Q5
Audi,Q5 Hybrid
Audi,Q7
Audi,Quattro
Audi,R8
Audi,RS 4
Audi,RS 5
Audi,RS 6
Audi,RS 7
Audi,S3
Audi,S4
Audi,S4 Avant
Audi,S5
Audi,S6
Audi,S7
Audi,S8
Audi,SQ5
Audi,TT
Audi,TT RS
Audi,TTS
Audi,V8
Bentley,Arnage
Bentley,Azure
Bentley,Brooklands
Bentley,Continental Flying Spur
Bentley,Continental GT
Bentley,Continental GTC
Bentley,Continental Supersports
Bentley,Flying Spur
Bentley,Mulsanne
BMW,1 Series
BMW,1M
BMW,2 Series
BMW,3 Series
BMW,3 Series Gran Turismo
BMW,4 Series
BMW,5 Series
BMW,5 Series Gran Turismo
BMW,6 Series
BMW,7 Series
BMW,8 Series
BMW,ActiveHybrid 3
BMW,ActiveHybrid 5
BMW,ActiveHybrid 7
BMW,Alpina B6
BMW,Alpina B7
BMW,i3
BMW,i8
BMW,M3
BMW,M4
BMW,M5
BMW,M6
BMW,X1
BMW,X3
BMW,X4
BMW,X5
BMW,X5 M
BMW,X6
BMW,X6 M
BMW,Z3
BMW,Z4
BMW,Z4 M
BMW,Z8
Bugatti,Veyron
Buick,Cascada
Buick,Century
Buick,Electra
Buick,Enclave
Buick,Encore
Buick,Estate Wagon
Buick,LaCrosse
Buick,LeSabre
Buick,Lucerne
Buick,Park Avenue
Buick,Rainier
Buick,Reatta
Buick,Regal
Buick,Rendezvous
Buick,Riviera
Buick,Roadmaster
Buick,Skyhawk
Buick,Skylark
Buick,Somerset
Buick,Terraza
Buick,Verano
Cadillac,Allante
Cadillac,ATS
Cadillac,ATS Coupe
Cadillac,ATS-V
Cadillac,Brougham
Cadillac,Catera
Cadillac,Cimarron
Cadillac,CT6
Cadillac,CTS
Cadillac,CTS Coupe
Cadillac,CTS-V
Cadillac,CTS-V Coupe
Cadillac,DeVille
Cadillac,DTS
Cadillac,Eldorado
Cadillac,ELR
Cadillac,Escalade
Cadillac,Escalade ESV
Cadillac,Escalade EXT
Cadillac,Fleetwood
Cadillac,Seville
Cadillac,Sixty Special
Cadillac,SRX
Cadillac,STS
Cadillac,STS-V
Cadillac,XLR
Cadillac,XLR-V
Cadillac,XT5
Cadillac,XTS
Chevrolet,Astro
Chevrolet,Astro Cargo Van
Chevrolet,Avalanche
Chevrolet,Aveo
Chevrolet,Beretta
Chevrolet,Blazer
Chevrolet,C/K 10
Chevrolet,C/K 1500
Chevrolet,C/K 2500
Chevrolet,C/K 3500
Chevrolet,Camaro
Chevrolet,Caprice
Chevrolet,Captiva Sport
Chevrolet,Cavalier
Chevrolet,Celebrity
Chevrolet,Chevette
Chevrolet,Chevy Van
Chevrolet,Chevy Van Classic
Chevrolet,City Express
Chevrolet,Classic
Chevrolet,Cobalt
Chevrolet,Colorado
Chevrolet,Corsica
Chevrolet,Corvette
Chevrolet,Cruze
Chevrolet,El Camino
Chevrolet,Equinox
Chevrolet,Express
Chevrolet,Express Cargo
Chevrolet,HHR
Chevrolet,Impala
Chevrolet,Lumina
Chevrolet,Lumina Minivan
Chevrolet,Malibu
Chevrolet,Malibu Hybrid
Chevrolet,Malibu Maxx
Chevrolet,Metro
Chevrolet,Monte Carlo
Chevrolet,Nova
Chevrolet,Prizm
Chevrolet,S-10
Chevrolet,S-10 Blazer
Chevrolet,Silverado 1500
Chevrolet,Silverado 1500 SS
Chevrolet,Silverado 1500HD
Chevrolet,Silverado 2500
Chevrolet,Silverado 2500HD
Chevrolet,Silverado 3500
Chevrolet,Silverado 3500HD
Chevrolet,Silverado Classic 1500
Chevrolet,Silverado Classic 2500HD
Chevrolet,Silverado Classic 3500
Chevrolet,Silverado Hybrid
Chevrolet,Sonic
Chevrolet,Spark
Chevrolet,Spark EV
Chevrolet,Sportvan
Chevrolet,SS
Chevrolet,SSR
Chevrolet,Suburban
Chevrolet,Tahoe
Chevrolet,Tracker
Chevrolet,TrailBlazer
Chevrolet,TrailBlazer EXT
Chevrolet,Traverse
Chevrolet,Trax
Chevrolet,Uplander
Chevrolet,Venture
Chevrolet,Volt
Chrysler,200
Chrysler,300
Chrysler,300M
Chrysler,Aspen
Chrysler,Cirrus
Chrysler,Concorde
Chrysler,Conquest
Chrysler,Cordoba
Chrysler,Crossfire
Chrysler,Crossfire SRT-6
Chrysler,Fifth Avenue
Chrysler,Grand Voyager
Chrysler,Imperial
Chrysler,Laser
Chrysler,Le Baron
Chrysler,LHS
Chrysler,New Yorker
Chrysler,Newport
Chrysler,Pacifica
Chrysler,Prowler
Chrysler,PT Cruiser
Chrysler,Sebring
Chrysler,TC
Chrysler,Town & Country
Chrysler,Voyager
Dodge,600
Dodge,Aries
Dodge,Avenger
Dodge,Caliber
Dodge,Caravan
Dodge,Challenger
Dodge,Charger
Dodge,Colt
Dodge,Conquest
Dodge,Dakota
Dodge,Dart
Dodge,Daytona
Dodge,Diplomat
Dodge,Durango
Dodge,Dynasty
Dodge,Grand Caravan
Dodge,Intrepid
Dodge,Journey
Dodge,Lancer
Dodge,Magnum
Dodge,Mirada
Dodge,Monaco
Dodge,Neon
Dodge,Neon SRT-4
Dodge,Nitro
Dodge,Omni
Dodge,Raider
Dodge,RAM 150
Dodge,Ram 1500
Dodge,RAM 250
Dodge,Ram 2500
Dodge,RAM 350
Dodge,Ram 3500
Dodge,Ram 50 Pickup
Dodge,Ram Cargo
Dodge,Ram Chassis 3500
Dodge,Ram Chassis 4500
Dodge,Ram SRT-10
Dodge,Ram Van
Dodge,Ram Wagon
Dodge,Ramcharger
Dodge,Shadow
Dodge,Spirit
Dodge,Sprinter
Dodge,Sprinter Cargo
Dodge,St. Regis
Dodge,Stealth
Dodge,Stratus
Dodge,Viper
Ferrari,360
Ferrari,430 Scuderia
Ferrari,456M
Ferrari,458 Italia
Ferrari,488
Ferrari,550
Ferrari,575M
Ferrari,599 GTB Fiorano
Ferrari,612 Scaglietti
Ferrari,California
Ferrari,Enzo
Ferrari,F12berlinetta
Ferrari,F430
Ferrari,FF
Ferrari,FXX
Ferrari,LaFerrari
Ferrari,Superamerica
Fiat,500
Fiat,500e
Fiat,500L
Fiat,500X
Fisker,Karma
Ford,Aerostar
Ford,Aspire
Ford,Bronco
Ford,Bronco II
Ford,C-Max
Ford,Contour
Ford,Contour SVT
Ford,Courier
Ford,Crown Victoria
Ford,E-150
Ford,E-250
Ford,E-350
Ford,E-Series Cargo
Ford,E-Series Passenger
Ford,Econoline Cargo
Ford,Econoline Wagon
Ford,Edge
Ford,Escape
Ford,Escape Hybrid
Ford,Escort
Ford,Excursion
Ford,EXP
Ford,Expedition
Ford,Explorer
Ford,Explorer Sport
Ford,Explorer Sport Trac
Ford,F-100
Ford,F-150
Ford,F-150 Heritage
Ford,F-150 SVT Lightning
Ford,F-250
Ford,F-250 Super Duty
Ford,F-350
Ford,F-350 Super Duty
Ford,F-450 Super Duty
Ford,F-550 Super Duty
Ford,Fairmont
Ford,Festiva
Ford,Fiesta
Ford,Five Hundred
Ford,Flex
Ford,Focus
Ford,Focus RS
Ford,Focus SVT
Ford,Freestar
Ford,Freestyle
Ford,Fusion
Ford,Fusion Energi
Ford,Granada
Ford,GT
Ford,LTD
Ford,LTD Crown Victoria
Ford,Mustang
Ford,Mustang SVT Cobra
Ford,Probe
Ford,Ranger
Ford,Shelby GT350
Ford,Shelby GT500
Ford,Taurus
Ford,Taurus X
Ford,Tempo
Ford,Thunderbird
Ford,Transit Cargo
Ford,Transit Connect
Ford,Transit Connect Electric
Ford,Transit Passenger
Ford,Windstar
Ford,Windstar Cargo
GMC,Acadia
GMC,Caballero
GMC,Canyon
GMC,Envoy
GMC,Envoy XL
GMC,Envoy XUV
GMC,Jimmy
GMC,R/V 3500 Series
GMC,Rally Wagon
GMC,S-15
GMC,S-15 Jimmy
GMC,Safari
GMC,Safari Cargo
GMC,Savana
GMC,Savana Cargo
GMC,Sierra 1500
GMC,Sierra 1500HD
GMC,Sierra 2500
GMC,Sierra 2500HD
GMC,Sierra 2500HD Classic
GMC,Sierra 3500
GMC,Sierra 3500HD
GMC,Sierra C3
GMC,Sierra Classic 1500
GMC,Sierra Classic 2500
GMC,Sierra Classic 3500
GMC,Sonoma
GMC,Suburban
GMC,Syclone
GMC,Terrain
GMC,Terrain Denali
GMC,Typhoon
GMC,Vandura
GMC,Yukon
GMC,Yukon Denali
GMC,Yukon XL
GMC,Yukon XL Denali
Hummer,H1
Hummer,H1 Alpha
Hummer,H2
Hummer,H2 SUT
Hummer,H3
Hummer,H3T
Hyundai,Accent
Hyundai,Azera
Hyundai,Elantra
Hyundai,Elantra Coupe
Hyundai,Elantra GT
Hyundai,Elantra Touring
Hyundai,Entourage
Hyundai,Equus
Hyundai,Excel
Hyundai,Genesis
Hyundai,Genesis Coupe
Hyundai,Santa Fe
Hyundai,Scoupe
Hyundai,Sonata
Hyundai,Sonata Hybrid
Hyundai,Sonata Plug-In Hybrid
Hyundai,Tiburon
Hyundai,Tucson
Hyundai,Veloster
Hyundai,Veloster Turbo
Hyundai,Veracruz
Hyundai,XG300
Hyundai,XG350
Infiniti,EX35
Infiniti,EX37
Infiniti,FX35
Infiniti,FX37
Infiniti,FX45
Infiniti,FX50
Infiniti,G20
Infiniti,G25
Infiniti,G35
Infiniti,G37
Infiniti,I30
Infiniti,I35
Infiniti,IPL G Coupe
Infiniti,J30
Infiniti,JX35
Infiniti,M Hybrid
Infiniti,M30
Infiniti,M35
Infiniti,M37
Infiniti,M45
Infiniti,M56
Infiniti,Q40
Infiniti,Q45
Infiniti,Q50
Infiniti,Q50 Hybrid
Infiniti,Q60
Infiniti,Q60 IPL
Infiniti,Q70
Infiniti,Q70 Hybrid
Infiniti,Q70L
Infiniti,QX4
Infiniti,QX50
Infiniti,QX56
Infiniti,QX60
Infiniti,QX60 Hybrid
Infiniti,QX70
Infiniti,QX80
Jaguar,F-TYPE
Jaguar,S-TYPE
Jaguar,S-TYPE R
Jaguar,X-TYPE
Jaguar,XE
Jaguar,XF
Jaguar,XJ-Series
Jaguar,XJR
Jaguar,XK-Series
Jeep,Cherokee
Jeep,Comanche
Jeep,Commander
Jeep,Compass
Jeep,Grand Cherokee
Jeep,Grand Wagoneer
Jeep,Liberty
Jeep,Patriot
Jeep,Renegade
Jeep,Wagoneer
Jeep,Wrangler
Kia,Amanti
Kia,Borrego
Kia,Cadenza
Kia,Forte
Kia,Forte Koup
Kia,Forte5
Kia,K900
Kia,Optima
Kia,Optima Hybrid
Kia,Rio
Kia,Rio5
Kia,Rondo
Kia,Sedona
Kia,Sephia
Kia,Sorento
Kia,Soul
Kia,Soul EV
Kia,Spectra
Kia,Sportage
Lamborghini,Aventador
Lamborghini,Diablo
Lamborghini,Gallardo
Lamborghini,Huracan
Lamborghini,Murcielago
Lexus,CT 200h
Lexus,ES 250
Lexus,ES 300
Lexus,ES 300h
Lexus,ES 330
Lexus,ES 350
Lexus,GS 200t
Lexus,GS 300
Lexus,GS 350
Lexus,GS 400
Lexus,GS 430
Lexus,GS 450h
Lexus,GS 460
Lexus,GS F
Lexus,GX 460
Lexus,GX 470
Lexus,HS 250h
Lexus,IS 200t
Lexus,IS 250
Lexus,IS 300
Lexus,IS 350
Lexus,IS C
Lexus,IS F
Lexus,LFA
Lexus,LS 400
Lexus,LS 430
Lexus,LS 460
Lexus,LS 600h L
Lexus,LX 450
Lexus,LX 470
Lexus,LX 570
Lexus,NX 200t
Lexus,NX 300h
Lexus,RC 200t
Lexus,RC 300
Lexus,RC 350
Lexus,RC F
Lexus,RX 300
Lexus,RX 330
Lexus,RX 350
Lexus,RX 400h
Lexus,RX 450h
Lexus,SC 300
Lexus,SC 400
Lexus,SC 430
Lincoln,Aviator
Lincoln,Blackwood
Lincoln,Continental
Lincoln,LS
Lincoln,Mark LT
Lincoln,Mark VII
Lincoln,Mark VIII
Lincoln,MKC
Lincoln,MKS
Lincoln,MKT
Lincoln,MKX
Lincoln,MKZ
Lincoln,Navigator
Lincoln,Town Car
Lincoln,Zephyr
Lotus,Elise
Lotus,Esprit
Lotus,Evora
Lotus,Exige
Maserati,Coupe
Maserati,Ghibli
Maserati,GranSport
Maserati,GranTurismo
Maserati,Quattroporte
Maserati,Spyder
Maybach,57
Maybach,62
Maybach,62 Landaulet
Mazda,323
Mazda,626
Mazda,929
Mazda,B-Series Pickup
Mazda,B-Series Truck
Mazda,CX-3
Mazda,CX-5
Mazda,CX-7
Mazda,CX-9
Mazda,GLC
Mazda,MAZDA2
Mazda,MAZDA3
Mazda,MAZDA5
Mazda,MAZDA6
Mazda,MAZDASPEED MX-5 Miata
Mazda,MAZDASPEED Protege
Mazda,MAZDASPEED3
Mazda,MAZDASPEED6
Mazda,Millenia
Mazda,MPV
Mazda,MX-3
Mazda,MX-5 Miata
Mazda,MX-6
Mazda,Navajo
Mazda,Protege
Mazda,Protege5
Mazda,RX-7
Mazda,RX-8
Mazda,Tribute
Mazda,Truck
McLaren,540C
McLaren,570S
McLaren,650S
McLaren,675LT
McLaren,MP4-12C
McLaren,P1
Mercedes-Benz,190-Class
Mercedes-Benz,240
Mercedes-Benz,280
Mercedes-Benz,300-Class
Mercedes-Benz,350-Class
Mercedes-Benz,380-Class
Mercedes-Benz,400-Class
Mercedes-Benz,420-Class
Mercedes-Benz,500-Class
Mercedes-Benz,560-Class
Mercedes-Benz,600-Class
Mercedes-Benz,AMG GT
Mercedes-Benz,B-Class
Mercedes-Benz,C-Class
Mercedes-Benz,CL-Class
Mercedes-Benz,CLA-Class
Mercedes-Benz,CLK-Class
Mercedes-Benz,CLS-Class
Mercedes-Benz,E-Class
Mercedes-Benz,G-Class
Mercedes-Benz,GL-Class
Mercedes-Benz,GLA-Class
Mercedes-Benz,GLC-Class
Mercedes-Benz,GLE-Class
Mercedes-Benz,GLK-Class
Mercedes-Benz,M-Class
Mercedes-Benz,Metris
Mercedes-Benz,R-Class
Mercedes-Benz,S-Class
Mercedes-Benz,S-Class Coupe
Mercedes-Benz,SL-Class
Mercedes-Benz,SLK-Class
Mercedes-Benz,SLR McLaren
Mercedes-Benz,SLS-Class
Mercedes-Benz,Sprinter
Mercedes-Benz,Sprinter Cargo
Mercury,Capri
Mercury,Cougar
Mercury,Grand Marquis
Mercury,Marauder
Mercury,Mariner
Mercury,Mariner Hybrid
Mercury,Milan
Mercury,Montego
Mercury,Monterey
Mercury,Mountaineer
Mercury,Mystique
Mercury,Sable
Mercury,Topaz
Mercury,Tracer
Mercury,Villager
MINI,Cooper
MINI,Cooper Clubman
MINI,Cooper Coupe
MINI,Cooper Paceman
MINI,Countryman
MINI,Roadster
Mitsubishi,3000GT
Mitsubishi,Diamante
Mitsubishi,Eclipse
Mitsubishi,Eclipse Spyder
Mitsubishi,Endeavor
Mitsubishi,Expo
Mitsubishi,Galant
Mitsubishi,i-MiEV
Mitsubishi,Lancer
Mitsubishi,Lancer Evolution
Mitsubishi,Lancer Sportback
Mitsubishi,Mighty Max Pickup
Mitsubishi,Mirage
Mitsubishi,Montero
Mitsubishi,Montero Sport
Mitsubishi,Outlander
Mitsubishi,Outlander Sport
Mitsubishi,Precis
Mitsubishi,Raider
Mitsubishi,Starion
Panoz,Esperante
Pontiac,6000
Pontiac,Aztek
Pontiac,Bonneville
Pontiac,Fiero
Pontiac,Firebird
Pontiac,G3
Pontiac,G5
Pontiac,G6
Pontiac,G8
Pontiac,Grand Am
Pontiac,Grand Prix
Pontiac,GTO
Pontiac,Le Mans
Pontiac,Montana
Pontiac,Montana SV6
Pontiac,Parisienne
Pontiac,Phoenix
Pontiac,Solstice
Pontiac,Sunbird
Pontiac,Sunfire
Pontiac,T1000
Pontiac,Torrent
Pontiac,Trans Sport
Pontiac,Vibe
Porsche,911
Porsche,918 Spyder
Porsche,924
Porsche,928
Porsche,944
Porsche,968
Porsche,Boxster
Porsche,Carrera GT
Porsche,Cayenne
Porsche,Cayman
Porsche,Macan
Porsche,Panamera
Ram,1500
Ram,2500
Ram,3500
Ram,3500 Ram Chassis
Ram,4500 Ram Chassis
Ram,C/V
Ram,Dakota
Ram,ProMaster
Ram,ProMaster City
Rolls-Royce,Corniche
Rolls-Royce,Dawn
Rolls-Royce,Ghost
Rolls-Royce,Park Ward
Rolls-Royce,Phantom
Rolls-Royce,Phantom Coupe
Rolls-Royce,Phantom Drophead Coupe
Rolls-Royce,Silver Seraph
Rolls-Royce,Wraith
Saab,9-2X
Saab,9-3
Saab,9-3 SportCombi
Saab,9-4X
Saab,9-5
Saab,9-5 SportCombi
Saab,9-7X
Saab,900
Saab,9000
Scion,FR-S
Scion,iA
Scion,iM
Scion,iQ
Scion,iQ EV
Scion,tC
Scion,xA
Scion,xB
Scion,xD
smart,fortwo
SRT,Viper
Suzuki,Aerio
Suzuki,Equator
Suzuki,Esteem
Suzuki,Forenza
Suzuki,Grand Vitara
Suzuki,Kizashi
Suzuki,Reno
Suzuki,Sidekick
Suzuki,Swift
Suzuki,SX4
Suzuki,Verona
Suzuki,Vitara
Suzuki,X-90
Suzuki,XL-7
Tesla,Model S
Tesla,Model X
Tesla,Roadster
Volkswagen,Beetle
Volkswagen,Cabrio
Volkswagen,Cabriolet
Volkswagen,CC
Volkswagen,Corrado
Volkswagen,e-Golf
Volkswagen,Eos
Volkswagen,EuroVan
Volkswagen,Fox
Volkswagen,GLI
Volkswagen,Golf
Volkswagen,Golf R
Volkswagen,Golf SportWagen
Volkswagen,GTI
Volkswagen,Jetta
Volkswagen,Jetta SportWagen
Volkswagen,Passat
Volkswagen,Phaeton
Volkswagen,R32
Volkswagen,Rabbit
Volkswagen,Routan
Volkswagen,Scirocco
Volkswagen,Tiguan
Volkswagen,Touareg
Volkswagen,Touareg 2
Volkswagen,Vanagon
Volvo,240
Volvo,740
Volvo,760
Volvo,780
Volvo,850
Volvo,940
Volvo,960
Volvo,C30
Volvo,C70
Volvo,Coupe
Volvo,S40
Volvo,S60
Volvo,S60 R
Volvo,S60L
Volvo,S70
Volvo,S80
Volvo,S90
Volvo,V40
Volvo,V50
Volvo,V60
Volvo,V70
Volvo,V70 R
Volvo,V90
Volvo,XC
Volvo,XC60
Volvo,XC70
Volvo,XC90